Scenario_Type,Match_ID,IA_J1,IA_J2,Vainqueur,NbTours,TempsTotalPartieMS,TempsMoyenCoup_J1,TempsMoyenCoup_J2
FACILE_VS_DIFF_FAIBLE_SWAP,1,IAFACILE,IADIFFICILE,J2,22,672,53.183,7.849
FACILE_VS_DIFF_FAIBLE_SWAP,2,IAFACILE,IADIFFICILE,J2,16,1034,121.696,7.529
FACILE_VS_DIFF_FAIBLE_SWAP,3,IAFACILE,IADIFFICILE,J2,16,1128,135.557,5.380
FACILE_VS_DIFF_FAIBLE_SWAP,4,IAFACILE,IADIFFICILE,J2,10,222,41.419,3.069
FACILE_VS_DIFF_FAIBLE_SWAP,5,IAFACILE,IADIFFICILE,J2,12,397,62.664,3.432
FACILE_VS_DIFF_FAIBLE_SWAP,6,IAFACILE,IADIFFICILE,J2,20,809,75.284,5.548
FACILE_VS_DIFF_FAIBLE_SWAP,7,IAFACILE,IADIFFICILE,J2,16,505,60.150,2.999
FACILE_VS_DIFF_FAIBLE_SWAP,8,IAFACILE,IADIFFICILE,J2,18,872,88.206,8.696
FACILE_VS_DIFF_FAIBLE_SWAP,9,IAFACILE,IADIFFICILE,J1,19,1038,99.622,4.586
FACILE_VS_DIFF_FAIBLE_SWAP,10,IAFACILE,IADIFFICILE,J1,15,471,55.652,3.713
FACILE_VS_DIFF_FAIBLE_SWAP,11,IAFACILE,IADIFFICILE,J2,22,863,73.922,4.491
FACILE_VS_DIFF_FAIBLE_SWAP,12,IAFACILE,IADIFFICILE,J2,14,269,35.847,2.644
FACILE_VS_DIFF_FAIBLE_SWAP,13,IAFACILE,IADIFFICILE,J2,14,448,60.237,3.747
FACILE_VS_DIFF_FAIBLE_SWAP,14,IAFACILE,IADIFFICILE,J2,16,608,71.059,4.913
FACILE_VS_DIFF_FAIBLE_SWAP,15,IAFACILE,IADIFFICILE,J2,18,734,75.203,6.336
FACILE_VS_DIFF_FAIBLE_SWAP,16,IAFACILE,IADIFFICILE,J2,24,458,35.495,2.655
FACILE_VS_DIFF_FAIBLE_SWAP,17,IAFACILE,IADIFFICILE,J2,24,926,72.057,5.072
FACILE_VS_DIFF_FAIBLE_SWAP,18,IAFACILE,IADIFFICILE,J2,18,1090,114.375,6.734
FACILE_VS_DIFF_FAIBLE_SWAP,19,IAFACILE,IADIFFICILE,J2,10,192,36.459,1.868
FACILE_VS_DIFF_FAIBLE_SWAP,20,IAFACILE,IADIFFICILE,J2,20,1049,95.195,9.696
FACILE_VS_DIFF_FAIBLE_SWAP,21,IAFACILE,IADIFFICILE,J1,27,2191,148.742,8.317
FACILE_VS_DIFF_FAIBLE_SWAP,22,IAFACILE,IADIFFICILE,J2,14,317,42.247,2.970
FACILE_VS_DIFF_FAIBLE_SWAP,23,IAFACILE,IADIFFICILE,J2,20,769,72.484,4.425
FACILE_VS_DIFF_FAIBLE_SWAP,24,IAFACILE,IADIFFICILE,J2,14,1179,162.794,5.487
FACILE_VS_DIFF_FAIBLE_SWAP,25,IAFACILE,IADIFFICILE,J2,14,542,73.432,4.060
FACILE_VS_DIFF_FAIBLE_SWAP,26,IAFACILE,IADIFFICILE,J2,24,692,53.254,4.388
FACILE_VS_DIFF_FAIBLE_SWAP,27,IAFACILE,IADIFFICILE,J2,14,630,85.412,4.540
FACILE_VS_DIFF_FAIBLE_SWAP,28,IAFACILE,IADIFFICILE,J2,10,380,70.941,5.113
FACILE_VS_DIFF_FAIBLE_SWAP,29,IAFACILE,IADIFFICILE,J2,12,511,79.544,5.339
FACILE_VS_DIFF_FAIBLE_SWAP,30,IAFACILE,IADIFFICILE,J2,26,860,60.251,5.859
FACILE_VS_DIFF_FAIBLE_SWAP,31,IAFACILE,IADIFFICILE,J1,11,461,72.423,5.247
FACILE_VS_DIFF_FAIBLE_SWAP,32,IAFACILE,IADIFFICILE,J1,30,2263,143.196,7.653
FACILE_VS_DIFF_FAIBLE_SWAP,33,IAFACILE,IADIFFICILE,J1,30,2148,130.815,12.341
FACILE_VS_DIFF_FAIBLE_SWAP,34,IAFACILE,IADIFFICILE,J1,23,727,54.773,6.293
FACILE_VS_DIFF_FAIBLE_SWAP,35,IAFACILE,IADIFFICILE,J2,14,409,54.778,3.714
FACILE_VS_DIFF_FAIBLE_SWAP,36,IAFACILE,IADIFFICILE,J2,10,212,40.181,2.198
FACILE_VS_DIFF_FAIBLE_SWAP,37,IAFACILE,IADIFFICILE,J2,16,390,46.016,2.735
FACILE_VS_DIFF_FAIBLE_SWAP,38,IAFACILE,IADIFFICILE,J1,19,1625,156.457,6.690
FACILE_VS_DIFF_FAIBLE_SWAP,39,IAFACILE,IADIFFICILE,J2,18,885,92.266,6.037
FACILE_VS_DIFF_FAIBLE_SWAP,40,IAFACILE,IADIFFICILE,J1,11,881,141.699,6.139
FACILE_VS_DIFF_FAIBLE_SWAP,41,IAFACILE,IADIFFICILE,J1,15,505,59.449,4.157
FACILE_VS_DIFF_FAIBLE_SWAP,42,IAFACILE,IADIFFICILE,J1,11,510,81.286,4.560
FACILE_VS_DIFF_FAIBLE_SWAP,43,IAFACILE,IADIFFICILE,J2,26,991,69.915,6.281
FACILE_VS_DIFF_FAIBLE_SWAP,44,IAFACILE,IADIFFICILE,J1,27,773,50.770,4.775
FACILE_VS_DIFF_FAIBLE_SWAP,45,IAFACILE,IADIFFICILE,J2,10,254,47.347,3.549
FACILE_VS_DIFF_FAIBLE_SWAP,46,IAFACILE,IADIFFICILE,J1,30,918,55.356,5.814
FACILE_VS_DIFF_FAIBLE_SWAP,47,IAFACILE,IADIFFICILE,J2,26,973,69.583,5.278
FACILE_VS_DIFF_FAIBLE_SWAP,48,IAFACILE,IADIFFICILE,J2,10,450,85.679,4.261
FACILE_VS_DIFF_FAIBLE_SWAP,49,IAFACILE,IADIFFICILE,J1,11,223,35.248,2.383
FACILE_VS_DIFF_FAIBLE_SWAP,50,IAFACILE,IADIFFICILE,J2,30,1320,80.215,7.728
FACILE_VS_DIFF_FAIBLE_SWAP,51,IADIFFICILE,IAFACILE,J1,11,426,5.219,79.026
FACILE_VS_DIFF_FAIBLE_SWAP,52,IADIFFICILE,IAFACILE,J1,19,630,6.727,62.471
FACILE_VS_DIFF_FAIBLE_SWAP,53,IADIFFICILE,IAFACILE,J1,11,589,3.487,113.686
FACILE_VS_DIFF_FAIBLE_SWAP,54,IADIFFICILE,IAFACILE,J1,27,390,3.295,26.441
FACILE_VS_DIFF_FAIBLE_SWAP,55,IADIFFICILE,IAFACILE,J1,13,268,1.980,42.450
FACILE_VS_DIFF_FAIBLE_SWAP,56,IADIFFICILE,IAFACILE,J1,17,476,4.895,54.010
FACILE_VS_DIFF_FAIBLE_SWAP,57,IADIFFICILE,IAFACILE,J1,19,1873,5.321,202.171
FACILE_VS_DIFF_FAIBLE_SWAP,58,IADIFFICILE,IAFACILE,J1,23,1109,5.424,94.874
FACILE_VS_DIFF_FAIBLE_SWAP,59,IADIFFICILE,IAFACILE,J1,17,535,5.749,60.372
FACILE_VS_DIFF_FAIBLE_SWAP,60,IADIFFICILE,IAFACILE,J1,13,904,8.534,140.703
FACILE_VS_DIFF_FAIBLE_SWAP,61,IADIFFICILE,IAFACILE,J2,30,164,1.971,8.941
FACILE_VS_DIFF_FAIBLE_SWAP,62,IADIFFICILE,IAFACILE,J1,21,1037,5.469,97.697
FACILE_VS_DIFF_FAIBLE_SWAP,63,IADIFFICILE,IAFACILE,J1,11,189,2.798,34.500
FACILE_VS_DIFF_FAIBLE_SWAP,64,IADIFFICILE,IAFACILE,J1,15,536,4.664,71.220
FACILE_VS_DIFF_FAIBLE_SWAP,65,IADIFFICILE,IAFACILE,J1,11,337,3.464,63.223
FACILE_VS_DIFF_FAIBLE_SWAP,66,IADIFFICILE,IAFACILE,J1,19,860,3.419,91.706
FACILE_VS_DIFF_FAIBLE_SWAP,67,IADIFFICILE,IAFACILE,J1,11,552,7.265,101.780
FACILE_VS_DIFF_FAIBLE_SWAP,68,IADIFFICILE,IAFACILE,J1,17,548,5.311,62.545
FACILE_VS_DIFF_FAIBLE_SWAP,69,IADIFFICILE,IAFACILE,J2,10,251,2.366,47.923
FACILE_VS_DIFF_FAIBLE_SWAP,70,IADIFFICILE,IAFACILE,J1,11,604,5.533,114.236
FACILE_VS_DIFF_FAIBLE_SWAP,71,IADIFFICILE,IAFACILE,J1,19,1281,5.920,135.753
FACILE_VS_DIFF_FAIBLE_SWAP,72,IADIFFICILE,IAFACILE,J1,15,481,3.813,64.424
FACILE_VS_DIFF_FAIBLE_SWAP,73,IADIFFICILE,IAFACILE,J1,23,699,3.743,59.442
FACILE_VS_DIFF_FAIBLE_SWAP,74,IADIFFICILE,IAFACILE,J1,30,1825,6.573,115.048
FACILE_VS_DIFF_FAIBLE_SWAP,75,IADIFFICILE,IAFACILE,J1,11,183,2.720,33.411
FACILE_VS_DIFF_FAIBLE_SWAP,76,IADIFFICILE,IAFACILE,J1,19,927,4.314,98.217
FACILE_VS_DIFF_FAIBLE_SWAP,77,IADIFFICILE,IAFACILE,J1,17,262,2.366,30.145
FACILE_VS_DIFF_FAIBLE_SWAP,78,IADIFFICILE,IAFACILE,J2,20,1724,6.451,165.917
FACILE_VS_DIFF_FAIBLE_SWAP,79,IADIFFICILE,IAFACILE,J1,21,799,6.509,72.784
FACILE_VS_DIFF_FAIBLE_SWAP,80,IADIFFICILE,IAFACILE,J1,13,723,6.229,113.200
FACILE_VS_DIFF_FAIBLE_SWAP,81,IADIFFICILE,IAFACILE,J1,27,985,6.346,68.904
FACILE_VS_DIFF_FAIBLE_SWAP,82,IADIFFICILE,IAFACILE,J1,15,877,7.013,117.253
FACILE_VS_DIFF_FAIBLE_SWAP,83,IADIFFICILE,IAFACILE,J1,13,684,7.248,105.619
FACILE_VS_DIFF_FAIBLE_SWAP,84,IADIFFICILE,IAFACILE,J1,21,1181,5.648,111.857
FACILE_VS_DIFF_FAIBLE_SWAP,85,IADIFFICILE,IAFACILE,J1,21,1027,7.201,94.718
FACILE_VS_DIFF_FAIBLE_SWAP,86,IADIFFICILE,IAFACILE,J1,13,318,3.185,49.358
FACILE_VS_DIFF_FAIBLE_SWAP,87,IADIFFICILE,IAFACILE,J1,17,712,6.082,82.112
FACILE_VS_DIFF_FAIBLE_SWAP,88,IADIFFICILE,IAFACILE,J2,10,167,2.663,30.832
FACILE_VS_DIFF_FAIBLE_SWAP,89,IADIFFICILE,IAFACILE,J1,13,470,4.335,73.371
FACILE_VS_DIFF_FAIBLE_SWAP,90,IADIFFICILE,IAFACILE,J1,11,411,3.483,78.094
FACILE_VS_DIFF_FAIBLE_SWAP,91,IADIFFICILE,IAFACILE,J1,11,263,2.537,49.521
FACILE_VS_DIFF_FAIBLE_SWAP,92,IADIFFICILE,IAFACILE,J1,21,1158,8.359,106.582
FACILE_VS_DIFF_FAIBLE_SWAP,93,IADIFFICILE,IAFACILE,J1,17,396,2.750,46.461
FACILE_VS_DIFF_FAIBLE_SWAP,94,IADIFFICILE,IAFACILE,J1,13,456,4.748,70.509
FACILE_VS_DIFF_FAIBLE_SWAP,95,IADIFFICILE,IAFACILE,J1,17,1104,7.456,129.671
FACILE_VS_DIFF_FAIBLE_SWAP,96,IADIFFICILE,IAFACILE,J1,11,899,5.365,173.307
FACILE_VS_DIFF_FAIBLE_SWAP,97,IADIFFICILE,IAFACILE,J1,25,896,4.648,69.597
FACILE_VS_DIFF_FAIBLE_SWAP,98,IADIFFICILE,IAFACILE,J1,11,292,3.074,54.711
FACILE_VS_DIFF_FAIBLE_SWAP,99,IADIFFICILE,IAFACILE,J1,15,545,5.680,71.418
FACILE_VS_DIFF_FAIBLE_SWAP,100,IADIFFICILE,IAFACILE,J1,25,540,3.438,41.310
FACILE_VS_DIFF_FORT_SWAP,1,IADIFFICILE,IAFACILE,J1,15,957,5.857,130.029
FACILE_VS_DIFF_FORT_SWAP,2,IADIFFICILE,IAFACILE,J1,11,245,2.661,45.838
FACILE_VS_DIFF_FORT_SWAP,3,IADIFFICILE,IAFACILE,J1,21,1114,6.034,104.786
FACILE_VS_DIFF_FORT_SWAP,4,IADIFFICILE,IAFACILE,J1,21,1048,4.889,99.380
FACILE_VS_DIFF_FORT_SWAP,5,IADIFFICILE,IAFACILE,J2,12,350,3.838,54.561
FACILE_VS_DIFF_FORT_SWAP,6,IADIFFICILE,IAFACILE,J1,19,640,5.325,65.232
FACILE_VS_DIFF_FORT_SWAP,7,IADIFFICILE,IAFACILE,J1,15,882,5.209,120.003
FACILE_VS_DIFF_FORT_SWAP,8,IADIFFICILE,IAFACILE,J1,13,420,4.384,64.949
FACILE_VS_DIFF_FORT_SWAP,9,IADIFFICILE,IAFACILE,J1,19,1614,7.339,171.168
FACILE_VS_DIFF_FORT_SWAP,10,IADIFFICILE,IAFACILE,J1,19,1460,8.099,153.200
FACILE_VS_DIFF_FORT_SWAP,11,IADIFFICILE,IAFACILE,J1,13,303,2.757,47.312
FACILE_VS_DIFF_FORT_SWAP,12,IADIFFICILE,IAFACILE,J1,11,587,4.726,111.775
FACILE_VS_DIFF_FORT_SWAP,13,IADIFFICILE,IAFACILE,J1,23,640,4.842,52.878
FACILE_VS_DIFF_FORT_SWAP,14,IADIFFICILE,IAFACILE,J1,19,1116,10.230,112.631
FACILE_VS_DIFF_FORT_SWAP,15,IADIFFICILE,IAFACILE,J1,15,902,10.393,117.010
FACILE_VS_DIFF_FORT_SWAP,16,IADIFFICILE,IAFACILE,J2,18,1348,7.388,142.401
FACILE_VS_DIFF_FORT_SWAP,17,IADIFFICILE,IAFACILE,J2,30,698,3.715,42.838
FACILE_VS_DIFF_FORT_SWAP,18,IADIFFICILE,IAFACILE,J1,23,783,6.003,64.616
FACILE_VS_DIFF_FORT_SWAP,19,IADIFFICILE,IAFACILE,J1,13,556,6.428,85.118
FACILE_VS_DIFF_FORT_SWAP,20,IADIFFICILE,IAFACILE,J2,14,478,5.117,63.163
FACILE_VS_DIFF_FORT_SWAP,21,IADIFFICILE,IAFACILE,J1,19,681,5.322,69.736
FACILE_VS_DIFF_FORT_SWAP,22,IADIFFICILE,IAFACILE,J1,11,405,5.246,74.664
FACILE_VS_DIFF_FORT_SWAP,23,IADIFFICILE,IAFACILE,J2,24,1913,5.527,153.873
FACILE_VS_DIFF_FORT_SWAP,24,IADIFFICILE,IAFACILE,J1,23,504,2.945,42.575
FACILE_VS_DIFF_FORT_SWAP,25,IADIFFICILE,IAFACILE,J1,17,1114,6.118,132.378
FACILE_VS_DIFF_FORT_SWAP,26,IADIFFICILE,IAFACILE,J1,13,462,3.998,72.333
FACILE_VS_DIFF_FORT_SWAP,27,IADIFFICILE,IAFACILE,J1,17,665,4.965,77.541
FACILE_VS_DIFF_FORT_SWAP,28,IADIFFICILE,IAFACILE,J1,30,1187,4.341,74.742
FACILE_VS_DIFF_FORT_SWAP,29,IADIFFICILE,IAFACILE,J1,19,658,4.122,68.519
FACILE_VS_DIFF_FORT_SWAP,30,IADIFFICILE,IAFACILE,J2,10,303,5.372,55.319
FACILE_VS_DIFF_FORT_SWAP,31,IADIFFICILE,IAFACILE,J1,13,410,3.819,63.878
FACILE_VS_DIFF_FORT_SWAP,32,IADIFFICILE,IAFACILE,J1,17,918,3.983,110.224
FACILE_VS_DIFF_FORT_SWAP,33,IADIFFICILE,IAFACILE,J1,19,795,4.870,82.949
FACILE_VS_DIFF_FORT_SWAP,34,IADIFFICILE,IAFACILE,J1,19,653,5.531,66.420
FACILE_VS_DIFF_FORT_SWAP,35,IADIFFICILE,IAFACILE,J1,11,537,3.301,103.423
FACILE_VS_DIFF_FORT_SWAP,36,IADIFFICILE,IAFACILE,J1,15,291,4.452,36.438
FACILE_VS_DIFF_FORT_SWAP,37,IADIFFICILE,IAFACILE,J1,17,395,3.045,45.930
FACILE_VS_DIFF_FORT_SWAP,38,IADIFFICILE,IAFACILE,J1,13,525,4.668,82.056
FACILE_VS_DIFF_FORT_SWAP,39,IADIFFICILE,IAFACILE,J1,11,185,2.200,34.425
FACILE_VS_DIFF_FORT_SWAP,40,IADIFFICILE,IAFACILE,J1,21,494,1.829,47.410
FACILE_VS_DIFF_FORT_SWAP,41,IADIFFICILE,IAFACILE,J1,15,1032,5.513,141.143
FACILE_VS_DIFF_FORT_SWAP,42,IADIFFICILE,IAFACILE,J1,15,599,4.447,80.502
FACILE_VS_DIFF_FORT_SWAP,43,IADIFFICILE,IAFACILE,J1,9,562,4.486,134.851
FACILE_VS_DIFF_FORT_SWAP,44,IADIFFICILE,IAFACILE,J1,23,949,7.168,78.410
FACILE_VS_DIFF_FORT_SWAP,45,IADIFFICILE,IAFACILE,J2,20,1414,5.132,136.269
FACILE_VS_DIFF_FORT_SWAP,46,IADIFFICILE,IAFACILE,J1,11,721,6.890,135.930
FACILE_VS_DIFF_FORT_SWAP,47,IADIFFICILE,IAFACILE,J1,13,845,6.141,133.749
FACILE_VS_DIFF_FORT_SWAP,48,IADIFFICILE,IAFACILE,J1,23,606,6.869,47.560
FACILE_VS_DIFF_FORT_SWAP,49,IADIFFICILE,IAFACILE,J1,17,1037,9.363,119.118
FACILE_VS_DIFF_FORT_SWAP,50,IADIFFICILE,IAFACILE,J1,19,584,3.523,61.015
FACILE_VS_DIFF_FORT_SWAP,51,IAFACILE,IADIFFICILE,J2,10,309,57.812,4.096
FACILE_VS_DIFF_FORT_SWAP,52,IAFACILE,IADIFFICILE,J2,20,495,45.543,3.961
FACILE_VS_DIFF_FORT_SWAP,53,IAFACILE,IADIFFICILE,J2,12,199,30.546,2.691
FACILE_VS_DIFF_FORT_SWAP,54,IAFACILE,IADIFFICILE,J2,22,948,78.655,7.545
FACILE_VS_DIFF_FORT_SWAP,55,IAFACILE,IADIFFICILE,J2,22,698,54.644,8.821
FACILE_VS_DIFF_FORT_SWAP,56,IAFACILE,IADIFFICILE,J2,24,902,68.041,7.122
FACILE_VS_DIFF_FORT_SWAP,57,IAFACILE,IADIFFICILE,J2,20,1041,98.407,5.700
FACILE_VS_DIFF_FORT_SWAP,58,IAFACILE,IADIFFICILE,J2,18,688,71.760,4.705
FACILE_VS_DIFF_FORT_SWAP,59,IAFACILE,IADIFFICILE,J2,18,579,60.277,4.014
FACILE_VS_DIFF_FORT_SWAP,60,IAFACILE,IADIFFICILE,J1,30,2311,146.179,7.866
FACILE_VS_DIFF_FORT_SWAP,61,IAFACILE,IADIFFICILE,J2,10,978,190.242,5.398
FACILE_VS_DIFF_FORT_SWAP,62,IAFACILE,IADIFFICILE,J1,15,797,92.316,8.429
FACILE_VS_DIFF_FORT_SWAP,63,IAFACILE,IADIFFICILE,J1,11,298,47.024,3.161
FACILE_VS_DIFF_FORT_SWAP,64,IAFACILE,IADIFFICILE,J2,12,214,33.769,1.947
FACILE_VS_DIFF_FORT_SWAP,65,IAFACILE,IADIFFICILE,J1,19,984,94.733,4.061
FACILE_VS_DIFF_FORT_SWAP,66,IAFACILE,IADIFFICILE,J2,22,674,55.966,5.267
FACILE_VS_DIFF_FORT_SWAP,67,IAFACILE,IADIFFICILE,J1,27,1092,70.721,7.830
FACILE_VS_DIFF_FORT_SWAP,68,IAFACILE,IADIFFICILE,J2,18,976,97.753,10.650
FACILE_VS_DIFF_FORT_SWAP,69,IAFACILE,IADIFFICILE,J2,18,547,56.156,4.642
FACILE_VS_DIFF_FORT_SWAP,70,IAFACILE,IADIFFICILE,J2,16,608,70.773,5.202
FACILE_VS_DIFF_FORT_SWAP,71,IAFACILE,IADIFFICILE,J2,16,530,61.138,5.114
FACILE_VS_DIFF_FORT_SWAP,72,IAFACILE,IADIFFICILE,J2,14,434,58.548,3.408
FACILE_VS_DIFF_FORT_SWAP,73,IAFACILE,IADIFFICILE,J2,10,203,38.055,2.523
FACILE_VS_DIFF_FORT_SWAP,74,IAFACILE,IADIFFICILE,J2,14,782,104.352,7.423
FACILE_VS_DIFF_FORT_SWAP,75,IAFACILE,IADIFFICILE,J1,23,1620,126.001,9.842
FACILE_VS_DIFF_FORT_SWAP,76,IAFACILE,IADIFFICILE,J2,16,726,86.433,4.332
FACILE_VS_DIFF_FORT_SWAP,77,IAFACILE,IADIFFICILE,J2,16,573,66.657,4.962
FACILE_VS_DIFF_FORT_SWAP,78,IAFACILE,IADIFFICILE,J2,16,1426,171.752,6.504
FACILE_VS_DIFF_FORT_SWAP,79,IAFACILE,IADIFFICILE,J2,22,2109,182.954,8.754
FACILE_VS_DIFF_FORT_SWAP,80,IAFACILE,IADIFFICILE,J1,30,546,33.394,2.986
FACILE_VS_DIFF_FORT_SWAP,81,IAFACILE,IADIFFICILE,J1,30,2018,126.424,8.111
FACILE_VS_DIFF_FORT_SWAP,82,IAFACILE,IADIFFICILE,J2,20,992,95.239,3.979
FACILE_VS_DIFF_FORT_SWAP,83,IAFACILE,IADIFFICILE,J2,20,412,39.018,2.187
FACILE_VS_DIFF_FORT_SWAP,84,IAFACILE,IADIFFICILE,J1,23,902,68.863,6.838
FACILE_VS_DIFF_FORT_SWAP,85,IAFACILE,IADIFFICILE,J2,14,723,96.353,6.945
FACILE_VS_DIFF_FORT_SWAP,86,IAFACILE,IADIFFICILE,J2,20,612,58.389,2.798
FACILE_VS_DIFF_FORT_SWAP,87,IAFACILE,IADIFFICILE,J2,10,487,92.820,4.591
FACILE_VS_DIFF_FORT_SWAP,88,IAFACILE,IADIFFICILE,J2,26,958,66.842,6.818
FACILE_VS_DIFF_FORT_SWAP,89,IAFACILE,IADIFFICILE,J2,18,1019,104.138,9.101
FACILE_VS_DIFF_FORT_SWAP,90,IAFACILE,IADIFFICILE,J2,14,514,68.497,4.926
FACILE_VS_DIFF_FORT_SWAP,91,IAFACILE,IADIFFICILE,J2,18,847,88.505,5.574
FACILE_VS_DIFF_FORT_SWAP,92,IAFACILE,IADIFFICILE,J2,14,776,105.316,5.499
FACILE_VS_DIFF_FORT_SWAP,93,IAFACILE,IADIFFICILE,J2,12,263,39.527,4.334
FACILE_VS_DIFF_FORT_SWAP,94,IAFACILE,IADIFFICILE,J1,11,212,33.371,2.401
FACILE_VS_DIFF_FORT_SWAP,95,IAFACILE,IADIFFICILE,J2,22,735,62.020,4.800
FACILE_VS_DIFF_FORT_SWAP,96,IAFACILE,IADIFFICILE,J1,30,1042,63.892,5.553
FACILE_VS_DIFF_FORT_SWAP,97,IAFACILE,IADIFFICILE,J2,12,458,71.681,4.718
FACILE_VS_DIFF_FORT_SWAP,98,IAFACILE,IADIFFICILE,J1,17,1178,122.581,9.279
FACILE_VS_DIFF_FORT_SWAP,99,IAFACILE,IADIFFICILE,J2,22,1758,150.607,9.176
FACILE_VS_DIFF_FORT_SWAP,100,IAFACILE,IADIFFICILE,J1,11,285,45.172,2.895
FACILE_VS_MOYENNE_FAIBLE_SWAP,1,IAFACILE,IAMOYENNE,J1,23,912,69.766,6.780
FACILE_VS_MOYENNE_FAIBLE_SWAP,2,IAFACILE,IAMOYENNE,J1,17,735,73.010,9.707
FACILE_VS_MOYENNE_FAIBLE_SWAP,3,IAFACILE,IAMOYENNE,J2,24,801,57.996,8.729
FACILE_VS_MOYENNE_FAIBLE_SWAP,4,IAFACILE,IAMOYENNE,J2,10,203,36.845,3.861
FACILE_VS_MOYENNE_FAIBLE_SWAP,5,IAFACILE,IAMOYENNE,J2,16,1094,122.571,14.146
FACILE_VS_MOYENNE_FAIBLE_SWAP,6,IAFACILE,IAMOYENNE,J2,16,363,41.345,3.993
FACILE_VS_MOYENNE_FAIBLE_SWAP,7,IAFACILE,IAMOYENNE,J2,18,678,68.013,7.369
FACILE_VS_MOYENNE_FAIBLE_SWAP,8,IAFACILE,IAMOYENNE,J1,21,1108,89.861,11.895
FACILE_VS_MOYENNE_FAIBLE_SWAP,9,IAFACILE,IAMOYENNE,J2,18,941,98.868,5.657
FACILE_VS_MOYENNE_FAIBLE_SWAP,10,IAFACILE,IAMOYENNE,J2,12,547,79.579,11.657
FACILE_VS_MOYENNE_FAIBLE_SWAP,11,IAFACILE,IAMOYENNE,J2,24,2435,187.729,15.202
FACILE_VS_MOYENNE_FAIBLE_SWAP,12,IAFACILE,IAMOYENNE,J1,21,1430,122.120,8.681
FACILE_VS_MOYENNE_FAIBLE_SWAP,13,IAFACILE,IAMOYENNE,J2,24,1184,86.811,11.821
FACILE_VS_MOYENNE_FAIBLE_SWAP,14,IAFACILE,IAMOYENNE,J2,18,734,77.624,3.886
FACILE_VS_MOYENNE_FAIBLE_SWAP,15,IAFACILE,IAMOYENNE,J2,18,710,72.344,6.566
FACILE_VS_MOYENNE_FAIBLE_SWAP,16,IAFACILE,IAMOYENNE,J2,14,303,38.360,4.946
FACILE_VS_MOYENNE_FAIBLE_SWAP,17,IAFACILE,IAMOYENNE,J2,10,681,124.677,11.552
FACILE_VS_MOYENNE_FAIBLE_SWAP,18,IAFACILE,IAMOYENNE,J2,16,799,91.099,8.794
FACILE_VS_MOYENNE_FAIBLE_SWAP,19,IAFACILE,IAMOYENNE,J2,14,281,36.638,3.491
FACILE_VS_MOYENNE_FAIBLE_SWAP,20,IAFACILE,IAMOYENNE,J1,9,253,48.961,2.107
FACILE_VS_MOYENNE_FAIBLE_SWAP,21,IAFACILE,IAMOYENNE,J2,20,861,80.606,5.501
FACILE_VS_MOYENNE_FAIBLE_SWAP,22,IAFACILE,IAMOYENNE,J2,22,454,33.778,7.497
FACILE_VS_MOYENNE_FAIBLE_SWAP,23,IAFACILE,IAMOYENNE,J2,12,426,61.503,9.601
FACILE_VS_MOYENNE_FAIBLE_SWAP,24,IAFACILE,IAMOYENNE,J1,30,1504,89.685,10.529
FACILE_VS_MOYENNE_FAIBLE_SWAP,25,IAFACILE,IAMOYENNE,J2,18,525,51.336,7.035
FACILE_VS_MOYENNE_FAIBLE_SWAP,26,IAFACILE,IAMOYENNE,J2,16,693,78.868,7.791
FACILE_VS_MOYENNE_FAIBLE_SWAP,27,IAFACILE,IAMOYENNE,J1,15,702,79.181,9.741
FACILE_VS_MOYENNE_FAIBLE_SWAP,28,IAFACILE,IAMOYENNE,J2,22,1146,95.086,9.060
FACILE_VS_MOYENNE_FAIBLE_SWAP,29,IAFACILE,IAMOYENNE,J1,15,693,77.393,10.619
FACILE_VS_MOYENNE_FAIBLE_SWAP,30,IAFACILE,IAMOYENNE,J2,18,1737,185.200,7.744
FACILE_VS_MOYENNE_FAIBLE_SWAP,31,IAFACILE,IAMOYENNE,J2,14,573,73.873,7.915
FACILE_VS_MOYENNE_FAIBLE_SWAP,32,IAFACILE,IAMOYENNE,J1,19,662,60.689,6.056
FACILE_VS_MOYENNE_FAIBLE_SWAP,33,IAFACILE,IAMOYENNE,J2,18,433,43.860,4.279
FACILE_VS_MOYENNE_FAIBLE_SWAP,34,IAFACILE,IAMOYENNE,J2,12,543,76.910,13.611
FACILE_VS_MOYENNE_FAIBLE_SWAP,35,IAFACILE,IAMOYENNE,J1,13,960,125.842,13.214
FACILE_VS_MOYENNE_FAIBLE_SWAP,36,IAFACILE,IAMOYENNE,J2,22,1062,85.280,11.301
FACILE_VS_MOYENNE_FAIBLE_SWAP,37,IAFACILE,IAMOYENNE,J2,10,220,41.010,3.003
FACILE_VS_MOYENNE_FAIBLE_SWAP,38,IAFACILE,IAMOYENNE,J1,21,828,69.747,6.043
FACILE_VS_MOYENNE_FAIBLE_SWAP,39,IAFACILE,IAMOYENNE,J2,20,608,51.552,9.292
FACILE_VS_MOYENNE_FAIBLE_SWAP,40,IAFACILE,IAMOYENNE,J2,14,713,91.365,10.501
FACILE_VS_MOYENNE_FAIBLE_SWAP,41,IAFACILE,IAMOYENNE,J1,23,670,50.322,6.021
FACILE_VS_MOYENNE_FAIBLE_SWAP,42,IAFACILE,IAMOYENNE,J2,30,988,56.825,9.057
FACILE_VS_MOYENNE_FAIBLE_SWAP,43,IAFACILE,IAMOYENNE,J2,14,991,132.659,8.866
FACILE_VS_MOYENNE_FAIBLE_SWAP,44,IAFACILE,IAMOYENNE,J2,24,901,65.889,9.192
FACILE_VS_MOYENNE_FAIBLE_SWAP,45,IAFACILE,IAMOYENNE,J1,19,886,80.795,8.649
FACILE_VS_MOYENNE_FAIBLE_SWAP,46,IAFACILE,IAMOYENNE,J2,20,1179,107.130,10.764
FACILE_VS_MOYENNE_FAIBLE_SWAP,47,IAFACILE,IAMOYENNE,J2,26,1257,78.804,17.843
FACILE_VS_MOYENNE_FAIBLE_SWAP,48,IAFACILE,IAMOYENNE,J2,18,1018,97.317,15.782
FACILE_VS_MOYENNE_FAIBLE_SWAP,49,IAFACILE,IAMOYENNE,J1,11,389,61.084,4.629
FACILE_VS_MOYENNE_FAIBLE_SWAP,50,IAFACILE,IAMOYENNE,J2,14,358,49.178,2.003
FACILE_VS_MOYENNE_FAIBLE_SWAP,51,IAMOYENNE,IAFACILE,J1,25,415,5.243,28.885
FACILE_VS_MOYENNE_FAIBLE_SWAP,52,IAMOYENNE,IAFACILE,J1,19,860,10.244,84.134
FACILE_VS_MOYENNE_FAIBLE_SWAP,53,IAMOYENNE,IAFACILE,J1,21,750,6.944,67.324
FACILE_VS_MOYENNE_FAIBLE_SWAP,54,IAMOYENNE,IAFACILE,J2,18,758,6.790,77.477
FACILE_VS_MOYENNE_FAIBLE_SWAP,55,IAMOYENNE,IAFACILE,J1,17,652,7.761,72.822
FACILE_VS_MOYENNE_FAIBLE_SWAP,56,IAMOYENNE,IAFACILE,J1,19,350,5.030,33.335
FACILE_VS_MOYENNE_FAIBLE_SWAP,57,IAMOYENNE,IAFACILE,J1,9,374,5.646,86.406
FACILE_VS_MOYENNE_FAIBLE_SWAP,58,IAMOYENNE,IAFACILE,J2,20,1061,10.819,95.266
FACILE_VS_MOYENNE_FAIBLE_SWAP,59,IAMOYENNE,IAFACILE,J1,17,1368,10.431,159.318
FACILE_VS_MOYENNE_FAIBLE_SWAP,60,IAMOYENNE,IAFACILE,J2,26,643,6.982,42.440
FACILE_VS_MOYENNE_FAIBLE_SWAP,61,IAMOYENNE,IAFACILE,J2,18,1029,14.050,100.317
FACILE_VS_MOYENNE_FAIBLE_SWAP,62,IAMOYENNE,IAFACILE,J1,23,1261,12.213,101.311
FACILE_VS_MOYENNE_FAIBLE_SWAP,63,IAMOYENNE,IAFACILE,J2,16,554,10.646,58.615
FACILE_VS_MOYENNE_FAIBLE_SWAP,64,IAMOYENNE,IAFACILE,J1,17,351,4.795,38.486
FACILE_VS_MOYENNE_FAIBLE_SWAP,65,IAMOYENNE,IAFACILE,J1,30,1708,13.552,100.334
FACILE_VS_MOYENNE_FAIBLE_SWAP,66,IAMOYENNE,IAFACILE,J1,21,957,11.548,82.979
FACILE_VS_MOYENNE_FAIBLE_SWAP,67,IAMOYENNE,IAFACILE,J2,10,233,5.926,40.692
FACILE_VS_MOYENNE_FAIBLE_SWAP,68,IAMOYENNE,IAFACILE,J1,23,1143,11.761,91.027
FACILE_VS_MOYENNE_FAIBLE_SWAP,69,IAMOYENNE,IAFACILE,J1,21,694,11.190,57.059
FACILE_VS_MOYENNE_FAIBLE_SWAP,70,IAMOYENNE,IAFACILE,J1,21,1064,11.708,93.479
FACILE_VS_MOYENNE_FAIBLE_SWAP,71,IAMOYENNE,IAFACILE,J1,15,373,4.162,48.470
FACILE_VS_MOYENNE_FAIBLE_SWAP,72,IAMOYENNE,IAFACILE,J1,15,1093,25.499,127.006
FACILE_VS_MOYENNE_FAIBLE_SWAP,73,IAMOYENNE,IAFACILE,J2,30,784,8.219,44.005
FACILE_VS_MOYENNE_FAIBLE_SWAP,74,IAMOYENNE,IAFACILE,J1,19,638,7.552,62.457
FACILE_VS_MOYENNE_FAIBLE_SWAP,75,IAMOYENNE,IAFACILE,J1,13,373,3.574,57.965
FACILE_VS_MOYENNE_FAIBLE_SWAP,76,IAMOYENNE,IAFACILE,J1,15,818,8.847,106.802
FACILE_VS_MOYENNE_FAIBLE_SWAP,77,IAMOYENNE,IAFACILE,J2,18,643,8.276,63.158
FACILE_VS_MOYENNE_FAIBLE_SWAP,78,IAMOYENNE,IAFACILE,J1,13,559,10.164,81.298
FACILE_VS_MOYENNE_FAIBLE_SWAP,79,IAMOYENNE,IAFACILE,J2,24,1558,10.847,118.994
FACILE_VS_MOYENNE_FAIBLE_SWAP,80,IAMOYENNE,IAFACILE,J1,21,1191,11.861,106.061
FACILE_VS_MOYENNE_FAIBLE_SWAP,81,IAMOYENNE,IAFACILE,J1,11,273,5.281,48.392
FACILE_VS_MOYENNE_FAIBLE_SWAP,82,IAMOYENNE,IAFACILE,J1,15,1198,13.560,155.674
FACILE_VS_MOYENNE_FAIBLE_SWAP,83,IAMOYENNE,IAFACILE,J1,11,606,7.229,112.586
FACILE_VS_MOYENNE_FAIBLE_SWAP,84,IAMOYENNE,IAFACILE,J1,19,883,13.253,83.329
FACILE_VS_MOYENNE_FAIBLE_SWAP,85,IAMOYENNE,IAFACILE,J1,19,711,10.373,67.480
FACILE_VS_MOYENNE_FAIBLE_SWAP,86,IAMOYENNE,IAFACILE,J2,18,197,3.014,18.886
FACILE_VS_MOYENNE_FAIBLE_SWAP,87,IAMOYENNE,IAFACILE,J1,21,501,6.645,42.753
FACILE_VS_MOYENNE_FAIBLE_SWAP,88,IAMOYENNE,IAFACILE,J2,10,220,3.994,40.023
FACILE_VS_MOYENNE_FAIBLE_SWAP,89,IAMOYENNE,IAFACILE,J1,21,1444,12.901,130.204
FACILE_VS_MOYENNE_FAIBLE_SWAP,90,IAMOYENNE,IAFACILE,J1,11,359,4.846,66.012
FACILE_VS_MOYENNE_FAIBLE_SWAP,91,IAMOYENNE,IAFACILE,J1,19,526,7.449,50.151
FACILE_VS_MOYENNE_FAIBLE_SWAP,92,IAMOYENNE,IAFACILE,J2,22,847,9.469,67.538
FACILE_VS_MOYENNE_FAIBLE_SWAP,93,IAMOYENNE,IAFACILE,J1,19,861,8.527,86.177
FACILE_VS_MOYENNE_FAIBLE_SWAP,94,IAMOYENNE,IAFACILE,J2,24,928,9.319,67.978
FACILE_VS_MOYENNE_FAIBLE_SWAP,95,IAMOYENNE,IAFACILE,J2,16,940,12.529,105.027
FACILE_VS_MOYENNE_FAIBLE_SWAP,96,IAMOYENNE,IAFACILE,J1,11,754,7.928,141.267
FACILE_VS_MOYENNE_FAIBLE_SWAP,97,IAMOYENNE,IAFACILE,J1,23,1079,8.421,88.860
FACILE_VS_MOYENNE_FAIBLE_SWAP,98,IAMOYENNE,IAFACILE,J2,16,583,9.000,63.890
FACILE_VS_MOYENNE_FAIBLE_SWAP,99,IAMOYENNE,IAFACILE,J1,13,452,6.870,67.325
FACILE_VS_MOYENNE_FAIBLE_SWAP,100,IAMOYENNE,IAFACILE,J2,16,323,5.315,35.051
FACILE_VS_MOYENNE_FORT_SWAP,1,IAMOYENNE,IAFACILE,J1,17,554,7.536,60.842
FACILE_VS_MOYENNE_FORT_SWAP,2,IAMOYENNE,IAFACILE,J1,17,515,4.484,59.407
FACILE_VS_MOYENNE_FORT_SWAP,3,IAMOYENNE,IAFACILE,J2,22,491,4.021,40.600
FACILE_VS_MOYENNE_FORT_SWAP,4,IAMOYENNE,IAFACILE,J1,13,490,6.673,73.963
FACILE_VS_MOYENNE_FORT_SWAP,5,IAMOYENNE,IAFACILE,J1,25,1744,15.408,128.606
FACILE_VS_MOYENNE_FORT_SWAP,6,IAMOYENNE,IAFACILE,J2,28,1333,8.474,86.740
FACILE_VS_MOYENNE_FORT_SWAP,7,IAMOYENNE,IAFACILE,J1,15,272,5.814,32.184
FACILE_VS_MOYENNE_FORT_SWAP,8,IAMOYENNE,IAFACILE,J1,25,1414,14.596,102.027
FACILE_VS_MOYENNE_FORT_SWAP,9,IAMOYENNE,IAFACILE,J2,26,802,7.551,54.134
FACILE_VS_MOYENNE_FORT_SWAP,10,IAMOYENNE,IAFACILE,J1,23,784,7.030,63.564
FACILE_VS_MOYENNE_FORT_SWAP,11,IAMOYENNE,IAFACILE,J1,19,562,7.434,54.214
FACILE_VS_MOYENNE_FORT_SWAP,12,IAMOYENNE,IAFACILE,J1,15,935,18.391,112.615
FACILE_VS_MOYENNE_FORT_SWAP,13,IAMOYENNE,IAFACILE,J1,11,805,11.376,147.473
FACILE_VS_MOYENNE_FORT_SWAP,14,IAMOYENNE,IAFACILE,J2,30,1527,14.977,86.822
FACILE_VS_MOYENNE_FORT_SWAP,15,IAMOYENNE,IAFACILE,J1,17,837,11.294,91.933
FACILE_VS_MOYENNE_FORT_SWAP,16,IAMOYENNE,IAFACILE,J1,15,872,8.803,114.507
FACILE_VS_MOYENNE_FORT_SWAP,17,IAMOYENNE,IAFACILE,J2,30,1572,16.048,88.754
FACILE_VS_MOYENNE_FORT_SWAP,18,IAMOYENNE,IAFACILE,J1,11,847,8.723,159.054
FACILE_VS_MOYENNE_FORT_SWAP,19,IAMOYENNE,IAFACILE,J1,19,655,6.888,65.092
FACILE_VS_MOYENNE_FORT_SWAP,20,IAMOYENNE,IAFACILE,J1,13,296,1.925,47.104
FACILE_VS_MOYENNE_FORT_SWAP,21,IAMOYENNE,IAFACILE,J2,26,840,8.956,55.657
FACILE_VS_MOYENNE_FORT_SWAP,22,IAMOYENNE,IAFACILE,J1,17,628,7.596,70.034
FACILE_VS_MOYENNE_FORT_SWAP,23,IAMOYENNE,IAFACILE,J2,28,1003,6.148,65.494
FACILE_VS_MOYENNE_FORT_SWAP,24,IAMOYENNE,IAFACILE,J1,15,618,8.557,78.471
FACILE_VS_MOYENNE_FORT_SWAP,25,IAMOYENNE,IAFACILE,J1,19,704,5.645,71.996
FACILE_VS_MOYENNE_FORT_SWAP,26,IAMOYENNE,IAFACILE,J1,13,274,2.866,42.338
FACILE_VS_MOYENNE_FORT_SWAP,27,IAMOYENNE,IAFACILE,J1,23,789,9.209,61.709
FACILE_VS_MOYENNE_FORT_SWAP,28,IAMOYENNE,IAFACILE,J1,17,525,5.893,59.027
FACILE_VS_MOYENNE_FORT_SWAP,29,IAMOYENNE,IAFACILE,J2,20,417,4.708,36.997
FACILE_VS_MOYENNE_FORT_SWAP,30,IAMOYENNE,IAFACILE,J1,19,558,7.646,53.484
FACILE_VS_MOYENNE_FORT_SWAP,31,IAMOYENNE,IAFACILE,J1,17,1029,6.001,121.834
FACILE_VS_MOYENNE_FORT_SWAP,32,IAMOYENNE,IAFACILE,J2,14,759,8.800,99.670
FACILE_VS_MOYENNE_FORT_SWAP,33,IAMOYENNE,IAFACILE,J1,15,1030,18.028,126.547
FACILE_VS_MOYENNE_FORT_SWAP,34,IAMOYENNE,IAFACILE,J1,15,374,5.153,47.595
FACILE_VS_MOYENNE_FORT_SWAP,35,IAMOYENNE,IAFACILE,J1,19,636,10.376,59.113
FACILE_VS_MOYENNE_FORT_SWAP,36,IAMOYENNE,IAFACILE,J2,26,1660,9.610,118.105
FACILE_VS_MOYENNE_FORT_SWAP,37,IAMOYENNE,IAFACILE,J1,21,1185,8.587,109.026
FACILE_VS_MOYENNE_FORT_SWAP,38,IAMOYENNE,IAFACILE,J1,11,467,11.147,79.978
FACILE_VS_MOYENNE_FORT_SWAP,39,IAMOYENNE,IAFACILE,J1,30,1045,9.043,60.587
FACILE_VS_MOYENNE_FORT_SWAP,40,IAMOYENNE,IAFACILE,J2,16,683,7.088,78.285
FACILE_VS_MOYENNE_FORT_SWAP,41,IAMOYENNE,IAFACILE,J2,20,748,8.449,66.338
FACILE_VS_MOYENNE_FORT_SWAP,42,IAMOYENNE,IAFACILE,J1,19,1425,8.622,148.787
FACILE_VS_MOYENNE_FORT_SWAP,43,IAMOYENNE,IAFACILE,J2,14,494,5.987,64.585
FACILE_VS_MOYENNE_FORT_SWAP,44,IAMOYENNE,IAFACILE,J1,23,758,10.439,57.539
FACILE_VS_MOYENNE_FORT_SWAP,45,IAMOYENNE,IAFACILE,J1,19,953,11.619,92.975
FACILE_VS_MOYENNE_FORT_SWAP,46,IAMOYENNE,IAFACILE,J1,23,467,5.545,36.442
FACILE_VS_MOYENNE_FORT_SWAP,47,IAMOYENNE,IAFACILE,J1,29,909,6.618,57.836
FACILE_VS_MOYENNE_FORT_SWAP,48,IAMOYENNE,IAFACILE,J1,13,373,8.511,52.270
FACILE_VS_MOYENNE_FORT_SWAP,49,IAMOYENNE,IAFACILE,J2,30,1539,15.302,87.300
FACILE_VS_MOYENNE_FORT_SWAP,50,IAMOYENNE,IAFACILE,J1,19,546,5.516,54.601
FACILE_VS_MOYENNE_FORT_SWAP,51,IAFACILE,IAMOYENNE,J2,18,968,96.132,11.385
FACILE_VS_MOYENNE_FORT_SWAP,52,IAFACILE,IAMOYENNE,J1,19,1238,115.607,9.136
FACILE_VS_MOYENNE_FORT_SWAP,53,IAFACILE,IAMOYENNE,J1,17,1124,118.652,6.972
FACILE_VS_MOYENNE_FORT_SWAP,54,IAFACILE,IAMOYENNE,J2,28,1018,66.334,6.382
FACILE_VS_MOYENNE_FORT_SWAP,55,IAFACILE,IAMOYENNE,J1,25,2356,167.191,15.226
FACILE_VS_MOYENNE_FORT_SWAP,56,IAFACILE,IAMOYENNE,J2,18,744,73.058,9.588
FACILE_VS_MOYENNE_FORT_SWAP,57,IAFACILE,IAMOYENNE,J2,16,541,64.291,3.338
FACILE_VS_MOYENNE_FORT_SWAP,58,IAFACILE,IAMOYENNE,J1,19,721,62.664,10.523
FACILE_VS_MOYENNE_FORT_SWAP,59,IAFACILE,IAMOYENNE,J1,25,1325,91.432,11.349
FACILE_VS_MOYENNE_FORT_SWAP,60,IAFACILE,IAMOYENNE,J2,10,146,27.028,2.312
FACILE_VS_MOYENNE_FORT_SWAP,61,IAFACILE,IAMOYENNE,J2,24,1573,119.041,11.999
FACILE_VS_MOYENNE_FORT_SWAP,62,IAFACILE,IAMOYENNE,J1,17,1482,149.232,17.325
FACILE_VS_MOYENNE_FORT_SWAP,63,IAFACILE,IAMOYENNE,J2,14,436,57.042,5.310
FACILE_VS_MOYENNE_FORT_SWAP,64,IAFACILE,IAMOYENNE,J2,18,975,103.633,4.657
FACILE_VS_MOYENNE_FORT_SWAP,65,IAFACILE,IAMOYENNE,J2,12,360,53.904,6.075
FACILE_VS_MOYENNE_FORT_SWAP,66,IAFACILE,IAMOYENNE,J2,12,456,68.784,7.304
FACILE_VS_MOYENNE_FORT_SWAP,67,IAFACILE,IAMOYENNE,J2,20,770,70.844,6.137
FACILE_VS_MOYENNE_FORT_SWAP,68,IAFACILE,IAMOYENNE,J1,15,979,106.072,18.632
FACILE_VS_MOYENNE_FORT_SWAP,69,IAFACILE,IAMOYENNE,J2,20,564,50.322,6.114
FACILE_VS_MOYENNE_FORT_SWAP,70,IAFACILE,IAMOYENNE,J2,16,805,89.535,11.106
FACILE_VS_MOYENNE_FORT_SWAP,71,IAFACILE,IAMOYENNE,J2,20,743,60.703,13.586
FACILE_VS_MOYENNE_FORT_SWAP,72,IAFACILE,IAMOYENNE,J2,14,572,71.799,9.994
FACILE_VS_MOYENNE_FORT_SWAP,73,IAFACILE,IAMOYENNE,J2,14,639,84.513,6.773
FACILE_VS_MOYENNE_FORT_SWAP,74,IAFACILE,IAMOYENNE,J2,22,909,72.961,9.688
FACILE_VS_MOYENNE_FORT_SWAP,75,IAFACILE,IAMOYENNE,J2,22,708,52.319,12.001
FACILE_VS_MOYENNE_FORT_SWAP,76,IAFACILE,IAMOYENNE,J2,16,323,36.077,4.332
FACILE_VS_MOYENNE_FORT_SWAP,77,IAFACILE,IAMOYENNE,J2,24,549,40.724,5.031
FACILE_VS_MOYENNE_FORT_SWAP,78,IAFACILE,IAMOYENNE,J2,14,560,77.149,2.834
FACILE_VS_MOYENNE_FORT_SWAP,79,IAFACILE,IAMOYENNE,J2,16,877,92.420,17.184
FACILE_VS_MOYENNE_FORT_SWAP,80,IAFACILE,IAMOYENNE,J2,14,304,38.075,5.404
FACILE_VS_MOYENNE_FORT_SWAP,81,IAFACILE,IAMOYENNE,J2,10,226,42.307,2.919
FACILE_VS_MOYENNE_FORT_SWAP,82,IAFACILE,IAMOYENNE,J1,21,247,18.066,4.852
FACILE_VS_MOYENNE_FORT_SWAP,83,IAFACILE,IAMOYENNE,J2,20,783,71.915,6.434
FACILE_VS_MOYENNE_FORT_SWAP,84,IAFACILE,IAMOYENNE,J1,27,1001,65.277,6.710
FACILE_VS_MOYENNE_FORT_SWAP,85,IAFACILE,IAMOYENNE,J2,18,926,90.893,11.965
FACILE_VS_MOYENNE_FORT_SWAP,86,IAFACILE,IAMOYENNE,J2,20,906,81.628,8.996
FACILE_VS_MOYENNE_FORT_SWAP,87,IAFACILE,IAMOYENNE,J2,16,1022,116.988,10.823
FACILE_VS_MOYENNE_FORT_SWAP,88,IAFACILE,IAMOYENNE,J2,12,595,89.356,9.928
FACILE_VS_MOYENNE_FORT_SWAP,89,IAFACILE,IAMOYENNE,J1,19,600,51.679,9.213
FACILE_VS_MOYENNE_FORT_SWAP,90,IAFACILE,IAMOYENNE,J2,30,907,54.996,5.470
FACILE_VS_MOYENNE_FORT_SWAP,91,IAFACILE,IAMOYENNE,J2,22,715,55.416,9.620
FACILE_VS_MOYENNE_FORT_SWAP,92,IAFACILE,IAMOYENNE,J2,24,1143,81.085,14.189
FACILE_VS_MOYENNE_FORT_SWAP,93,IAFACILE,IAMOYENNE,J2,20,1980,182.971,15.016
FACILE_VS_MOYENNE_FORT_SWAP,94,IAFACILE,IAMOYENNE,J2,14,816,106.518,10.035
FACILE_VS_MOYENNE_FORT_SWAP,95,IAFACILE,IAMOYENNE,J2,16,953,107.269,11.813
FACILE_VS_MOYENNE_FORT_SWAP,96,IAFACILE,IAMOYENNE,J2,22,916,75.811,7.438
FACILE_VS_MOYENNE_FORT_SWAP,97,IAFACILE,IAMOYENNE,J2,12,387,60.183,4.375
FACILE_VS_MOYENNE_FORT_SWAP,98,IAFACILE,IAMOYENNE,J2,16,658,75.738,6.497
FACILE_VS_MOYENNE_FORT_SWAP,99,IAFACILE,IAMOYENNE,J1,17,853,87.879,7.783
FACILE_VS_MOYENNE_FORT_SWAP,100,IAFACILE,IAMOYENNE,J2,14,623,78.173,10.812
MOYENNE_VS_DIFF_FAIBLE_SWAP,1,IAMOYENNE,IADIFFICILE,J2,26,150,5.642,5.929
MOYENNE_VS_DIFF_FAIBLE_SWAP,2,IAMOYENNE,IADIFFICILE,J1,15,219,18.573,10.019
MOYENNE_VS_DIFF_FAIBLE_SWAP,3,IAMOYENNE,IADIFFICILE,J2,14,129,9.189,9.219
MOYENNE_VS_DIFF_FAIBLE_SWAP,4,IAMOYENNE,IADIFFICILE,J1,17,145,10.031,6.908
MOYENNE_VS_DIFF_FAIBLE_SWAP,5,IAMOYENNE,IADIFFICILE,J1,25,167,7.654,5.603
MOYENNE_VS_DIFF_FAIBLE_SWAP,6,IAMOYENNE,IADIFFICILE,J2,18,178,12.108,7.697
MOYENNE_VS_DIFF_FAIBLE_SWAP,7,IAMOYENNE,IADIFFICILE,J1,17,145,9.558,7.420
MOYENNE_VS_DIFF_FAIBLE_SWAP,8,IAMOYENNE,IADIFFICILE,J2,22,255,19.194,3.969
MOYENNE_VS_DIFF_FAIBLE_SWAP,9,IAMOYENNE,IADIFFICILE,J1,19,111,6.676,4.990
MOYENNE_VS_DIFF_FAIBLE_SWAP,10,IAMOYENNE,IADIFFICILE,J1,30,402,8.105,18.678
MOYENNE_VS_DIFF_FAIBLE_SWAP,11,IAMOYENNE,IADIFFICILE,J2,28,311,13.898,8.299
MOYENNE_VS_DIFF_FAIBLE_SWAP,12,IAMOYENNE,IADIFFICILE,J1,23,186,9.412,6.676
MOYENNE_VS_DIFF_FAIBLE_SWAP,13,IAMOYENNE,IADIFFICILE,J2,16,116,9.493,5.028
MOYENNE_VS_DIFF_FAIBLE_SWAP,14,IAMOYENNE,IADIFFICILE,J2,14,147,13.826,7.195
MOYENNE_VS_DIFF_FAIBLE_SWAP,15,IAMOYENNE,IADIFFICILE,J1,30,239,12.133,3.785
MOYENNE_VS_DIFF_FAIBLE_SWAP,16,IAMOYENNE,IADIFFICILE,J2,24,176,9.531,5.185
MOYENNE_VS_DIFF_FAIBLE_SWAP,17,IAMOYENNE,IADIFFICILE,J1,15,148,14.221,4.770
MOYENNE_VS_DIFF_FAIBLE_SWAP,18,IAMOYENNE,IADIFFICILE,J2,24,233,10.269,9.171
MOYENNE_VS_DIFF_FAIBLE_SWAP,19,IAMOYENNE,IADIFFICILE,J2,18,116,7.751,5.165
MOYENNE_VS_DIFF_FAIBLE_SWAP,20,IAMOYENNE,IADIFFICILE,J1,30,193,6.971,5.929
MOYENNE_VS_DIFF_FAIBLE_SWAP,21,IAMOYENNE,IADIFFICILE,J2,20,162,10.324,5.862
MOYENNE_VS_DIFF_FAIBLE_SWAP,22,IAMOYENNE,IADIFFICILE,J1,19,169,13.571,3.771
MOYENNE_VS_DIFF_FAIBLE_SWAP,23,IAMOYENNE,IADIFFICILE,J2,22,153,9.102,4.796
MOYENNE_VS_DIFF_FAIBLE_SWAP,24,IAMOYENNE,IADIFFICILE,J1,11,84,10.469,4.359
MOYENNE_VS_DIFF_FAIBLE_SWAP,25,IAMOYENNE,IADIFFICILE,J2,24,250,16.905,3.908
MOYENNE_VS_DIFF_FAIBLE_SWAP,26,IAMOYENNE,IADIFFICILE,J2,30,198,7.163,6.045
MOYENNE_VS_DIFF_FAIBLE_SWAP,27,IAMOYENNE,IADIFFICILE,J1,27,182,8.392,4.991
MOYENNE_VS_DIFF_FAIBLE_SWAP,28,IAMOYENNE,IADIFFICILE,J1,19,161,12.355,4.186
MOYENNE_VS_DIFF_FAIBLE_SWAP,29,IAMOYENNE,IADIFFICILE,J1,15,139,12.552,5.511
MOYENNE_VS_DIFF_FAIBLE_SWAP,30,IAMOYENNE,IADIFFICILE,J1,11,60,6.353,4.509
MOYENNE_VS_DIFF_FAIBLE_SWAP,31,IAMOYENNE,IADIFFICILE,J1,25,349,22.415,4.787
MOYENNE_VS_DIFF_FAIBLE_SWAP,32,IAMOYENNE,IADIFFICILE,J2,30,74,2.961,2.016
MOYENNE_VS_DIFF_FAIBLE_SWAP,33,IAMOYENNE,IADIFFICILE,J1,23,330,16.817,11.634
MOYENNE_VS_DIFF_FAIBLE_SWAP,34,IAMOYENNE,IADIFFICILE,J2,14,89,8.277,4.419
MOYENNE_VS_DIFF_FAIBLE_SWAP,35,IAMOYENNE,IADIFFICILE,J2,24,208,8.793,8.552
MOYENNE_VS_DIFF_FAIBLE_SWAP,36,IAMOYENNE,IADIFFICILE,J2,16,101,6.649,5.995
MOYENNE_VS_DIFF_FAIBLE_SWAP,37,IAMOYENNE,IADIFFICILE,J2,16,111,7.069,6.783
MOYENNE_VS_DIFF_FAIBLE_SWAP,38,IAMOYENNE,IADIFFICILE,J1,15,118,9.272,6.291
MOYENNE_VS_DIFF_FAIBLE_SWAP,39,IAMOYENNE,IADIFFICILE,J1,23,352,19.555,10.698
MOYENNE_VS_DIFF_FAIBLE_SWAP,40,IAMOYENNE,IADIFFICILE,J2,16,163,11.496,8.936
MOYENNE_VS_DIFF_FAIBLE_SWAP,41,IAMOYENNE,IADIFFICILE,J1,19,324,25.716,7.412
MOYENNE_VS_DIFF_FAIBLE_SWAP,42,IAMOYENNE,IADIFFICILE,J2,30,276,10.267,8.163
MOYENNE_VS_DIFF_FAIBLE_SWAP,43,IAMOYENNE,IADIFFICILE,J1,13,85,8.443,4.290
MOYENNE_VS_DIFF_FAIBLE_SWAP,44,IAMOYENNE,IADIFFICILE,J1,21,133,8.929,3.502
MOYENNE_VS_DIFF_FAIBLE_SWAP,45,IAMOYENNE,IADIFFICILE,J2,18,163,10.862,7.292
MOYENNE_VS_DIFF_FAIBLE_SWAP,46,IAMOYENNE,IADIFFICILE,J1,23,171,8.148,6.651
MOYENNE_VS_DIFF_FAIBLE_SWAP,47,IAMOYENNE,IADIFFICILE,J1,17,200,14.480,8.773
MOYENNE_VS_DIFF_FAIBLE_SWAP,48,IAMOYENNE,IADIFFICILE,J1,23,260,9.666,13.127
MOYENNE_VS_DIFF_FAIBLE_SWAP,49,IAMOYENNE,IADIFFICILE,J2,14,116,9.233,7.444
MOYENNE_VS_DIFF_FAIBLE_SWAP,50,IAMOYENNE,IADIFFICILE,J1,11,62,6.246,4.865
MOYENNE_VS_DIFF_FAIBLE_SWAP,51,IADIFFICILE,IAMOYENNE,J1,27,311,10.759,12.303
MOYENNE_VS_DIFF_FAIBLE_SWAP,52,IADIFFICILE,IAMOYENNE,J2,30,231,8.364,7.027
MOYENNE_VS_DIFF_FAIBLE_SWAP,53,IADIFFICILE,IAMOYENNE,NUL,30,86,1.781,3.970
MOYENNE_VS_DIFF_FAIBLE_SWAP,54,IADIFFICILE,IAMOYENNE,J1,19,87,2.010,7.461
MOYENNE_VS_DIFF_FAIBLE_SWAP,55,IADIFFICILE,IAMOYENNE,J1,21,168,6.095,10.145
MOYENNE_VS_DIFF_FAIBLE_SWAP,56,IADIFFICILE,IAMOYENNE,J2,10,63,4.883,7.760
MOYENNE_VS_DIFF_FAIBLE_SWAP,57,IADIFFICILE,IAMOYENNE,J1,25,215,5.945,11.525
MOYENNE_VS_DIFF_FAIBLE_SWAP,58,IADIFFICILE,IAMOYENNE,J2,20,152,6.448,8.736
MOYENNE_VS_DIFF_FAIBLE_SWAP,59,IADIFFICILE,IAMOYENNE,J1,27,193,6.208,8.180
MOYENNE_VS_DIFF_FAIBLE_SWAP,60,IADIFFICILE,IAMOYENNE,J1,21,152,7.819,6.596
MOYENNE_VS_DIFF_FAIBLE_SWAP,61,IADIFFICILE,IAMOYENNE,J2,14,144,5.774,14.824
MOYENNE_VS_DIFF_FAIBLE_SWAP,62,IADIFFICILE,IAMOYENNE,J2,22,144,6.227,6.840
MOYENNE_VS_DIFF_FAIBLE_SWAP,63,IADIFFICILE,IAMOYENNE,J1,11,82,8.052,6.812
MOYENNE_VS_DIFF_FAIBLE_SWAP,64,IADIFFICILE,IAMOYENNE,J2,14,96,7.000,6.699
MOYENNE_VS_DIFF_FAIBLE_SWAP,65,IADIFFICILE,IAMOYENNE,J2,12,72,4.947,7.137
MOYENNE_VS_DIFF_FAIBLE_SWAP,66,IADIFFICILE,IAMOYENNE,J1,13,51,2.686,5.445
MOYENNE_VS_DIFF_FAIBLE_SWAP,67,IADIFFICILE,IAMOYENNE,J1,27,307,5.827,17.356
MOYENNE_VS_DIFF_FAIBLE_SWAP,68,IADIFFICILE,IAMOYENNE,J2,10,70,7.502,6.583
MOYENNE_VS_DIFF_FAIBLE_SWAP,69,IADIFFICILE,IAMOYENNE,J2,30,299,8.662,11.254
MOYENNE_VS_DIFF_FAIBLE_SWAP,70,IADIFFICILE,IAMOYENNE,J1,21,112,5.167,5.541
MOYENNE_VS_DIFF_FAIBLE_SWAP,71,IADIFFICILE,IAMOYENNE,J1,23,189,6.259,10.374
MOYENNE_VS_DIFF_FAIBLE_SWAP,72,IADIFFICILE,IAMOYENNE,J1,23,231,10.677,9.347
MOYENNE_VS_DIFF_FAIBLE_SWAP,73,IADIFFICILE,IAMOYENNE,J2,12,69,5.069,6.417
MOYENNE_VS_DIFF_FAIBLE_SWAP,74,IADIFFICILE,IAMOYENNE,J1,15,102,1.995,12.292
MOYENNE_VS_DIFF_FAIBLE_SWAP,75,IADIFFICILE,IAMOYENNE,J1,27,257,8.605,10.528
MOYENNE_VS_DIFF_FAIBLE_SWAP,76,IADIFFICILE,IAMOYENNE,J2,26,148,4.154,7.278
MOYENNE_VS_DIFF_FAIBLE_SWAP,77,IADIFFICILE,IAMOYENNE,J1,23,188,7.203,9.258
MOYENNE_VS_DIFF_FAIBLE_SWAP,78,IADIFFICILE,IAMOYENNE,J2,30,214,6.785,7.520
MOYENNE_VS_DIFF_FAIBLE_SWAP,79,IADIFFICILE,IAMOYENNE,J1,11,118,8.138,13.815
MOYENNE_VS_DIFF_FAIBLE_SWAP,80,IADIFFICILE,IAMOYENNE,J1,19,176,9.300,9.190
MOYENNE_VS_DIFF_FAIBLE_SWAP,81,IADIFFICILE,IAMOYENNE,J2,18,151,6.832,9.985
MOYENNE_VS_DIFF_FAIBLE_SWAP,82,IADIFFICILE,IAMOYENNE,J1,23,218,7.423,11.708
MOYENNE_VS_DIFF_FAIBLE_SWAP,83,IADIFFICILE,IAMOYENNE,J2,12,64,4.391,6.356
MOYENNE_VS_DIFF_FAIBLE_SWAP,84,IADIFFICILE,IAMOYENNE,J1,13,68,3.061,7.860
MOYENNE_VS_DIFF_FAIBLE_SWAP,85,IADIFFICILE,IAMOYENNE,J2,30,313,7.663,13.200
MOYENNE_VS_DIFF_FAIBLE_SWAP,86,IADIFFICILE,IAMOYENNE,J2,14,85,6.009,6.178
MOYENNE_VS_DIFF_FAIBLE_SWAP,87,IADIFFICILE,IAMOYENNE,J2,18,184,9.287,11.135
MOYENNE_VS_DIFF_FAIBLE_SWAP,88,IADIFFICILE,IAMOYENNE,J1,19,405,9.599,34.387
MOYENNE_VS_DIFF_FAIBLE_SWAP,89,IADIFFICILE,IAMOYENNE,J1,25,216,8.083,9.241
MOYENNE_VS_DIFF_FAIBLE_SWAP,90,IADIFFICILE,IAMOYENNE,J2,12,73,5.032,7.121
MOYENNE_VS_DIFF_FAIBLE_SWAP,91,IADIFFICILE,IAMOYENNE,J2,24,378,11.642,19.873
MOYENNE_VS_DIFF_FAIBLE_SWAP,92,IADIFFICILE,IAMOYENNE,J1,30,276,7.494,10.902
MOYENNE_VS_DIFF_FAIBLE_SWAP,93,IADIFFICILE,IAMOYENNE,J1,21,231,7.523,14.817
MOYENNE_VS_DIFF_FAIBLE_SWAP,94,IADIFFICILE,IAMOYENNE,J1,15,137,5.460,13.433
MOYENNE_VS_DIFF_FAIBLE_SWAP,95,IADIFFICILE,IAMOYENNE,J1,27,245,7.670,10.566
MOYENNE_VS_DIFF_FAIBLE_SWAP,96,IADIFFICILE,IAMOYENNE,J1,13,90,6.303,7.768
MOYENNE_VS_DIFF_FAIBLE_SWAP,97,IADIFFICILE,IAMOYENNE,J2,18,122,3.944,9.588
MOYENNE_VS_DIFF_FAIBLE_SWAP,98,IADIFFICILE,IAMOYENNE,J1,15,127,6.901,10.275
MOYENNE_VS_DIFF_FAIBLE_SWAP,99,IADIFFICILE,IAMOYENNE,J2,30,230,10.519,4.793
MOYENNE_VS_DIFF_FAIBLE_SWAP,100,IADIFFICILE,IAMOYENNE,J1,25,149,5.939,5.975
MOYENNE_VS_DIFF_FORT_SWAP,1,IADIFFICILE,IAMOYENNE,J1,21,109,4.463,5.974
MOYENNE_VS_DIFF_FORT_SWAP,2,IADIFFICILE,IAMOYENNE,J1,21,167,5.379,10.856
MOYENNE_VS_DIFF_FORT_SWAP,3,IADIFFICILE,IAMOYENNE,J1,13,105,7.519,8.778
MOYENNE_VS_DIFF_FORT_SWAP,4,IADIFFICILE,IAMOYENNE,J1,21,181,8.227,9.036
MOYENNE_VS_DIFF_FORT_SWAP,5,IADIFFICILE,IAMOYENNE,J1,27,214,5.289,10.755
MOYENNE_VS_DIFF_FORT_SWAP,6,IADIFFICILE,IAMOYENNE,J1,17,104,4.533,7.962
MOYENNE_VS_DIFF_FORT_SWAP,7,IADIFFICILE,IAMOYENNE,J1,19,270,12.569,16.046
MOYENNE_VS_DIFF_FORT_SWAP,8,IADIFFICILE,IAMOYENNE,J1,25,131,4.174,6.403
MOYENNE_VS_DIFF_FORT_SWAP,9,IADIFFICILE,IAMOYENNE,J2,22,208,8.676,10.258
MOYENNE_VS_DIFF_FORT_SWAP,10,IADIFFICILE,IAMOYENNE,J2,16,151,8.170,10.777
MOYENNE_VS_DIFF_FORT_SWAP,11,IADIFFICILE,IAMOYENNE,J1,21,197,6.884,12.159
MOYENNE_VS_DIFF_FORT_SWAP,12,IADIFFICILE,IAMOYENNE,J1,25,236,7.812,11.251
MOYENNE_VS_DIFF_FORT_SWAP,13,IADIFFICILE,IAMOYENNE,J1,15,81,4.791,6.207
MOYENNE_VS_DIFF_FORT_SWAP,14,IADIFFICILE,IAMOYENNE,J2,16,263,6.989,25.853
MOYENNE_VS_DIFF_FORT_SWAP,15,IADIFFICILE,IAMOYENNE,J1,23,233,7.149,13.427
MOYENNE_VS_DIFF_FORT_SWAP,16,IADIFFICILE,IAMOYENNE,J1,23,228,6.788,13.303
MOYENNE_VS_DIFF_FORT_SWAP,17,IADIFFICILE,IAMOYENNE,J1,15,156,6.910,14.409
MOYENNE_VS_DIFF_FORT_SWAP,18,IADIFFICILE,IAMOYENNE,J2,18,290,10.863,21.383
MOYENNE_VS_DIFF_FORT_SWAP,19,IADIFFICILE,IAMOYENNE,J1,15,56,3.988,3.420
MOYENNE_VS_DIFF_FORT_SWAP,20,IADIFFICILE,IAMOYENNE,J2,22,144,4.687,8.419
MOYENNE_VS_DIFF_FORT_SWAP,21,IADIFFICILE,IAMOYENNE,J2,14,99,7.547,6.657
MOYENNE_VS_DIFF_FORT_SWAP,22,IADIFFICILE,IAMOYENNE,J2,16,131,5.050,11.365
MOYENNE_VS_DIFF_FORT_SWAP,23,IADIFFICILE,IAMOYENNE,J1,29,274,8.384,10.582
MOYENNE_VS_DIFF_FORT_SWAP,24,IADIFFICILE,IAMOYENNE,J2,20,134,4.039,9.393
MOYENNE_VS_DIFF_FORT_SWAP,25,IADIFFICILE,IAMOYENNE,J1,30,248,6.808,9.714
MOYENNE_VS_DIFF_FORT_SWAP,26,IADIFFICILE,IAMOYENNE,J1,11,50,2.022,7.647
MOYENNE_VS_DIFF_FORT_SWAP,27,IADIFFICILE,IAMOYENNE,J1,30,254,6.690,10.257
MOYENNE_VS_DIFF_FORT_SWAP,28,IADIFFICILE,IAMOYENNE,J1,13,105,6.976,9.490
MOYENNE_VS_DIFF_FORT_SWAP,29,IADIFFICILE,IAMOYENNE,J1,23,218,6.689,12.557
MOYENNE_VS_DIFF_FORT_SWAP,30,IADIFFICILE,IAMOYENNE,J1,30,189,5.078,7.532
MOYENNE_VS_DIFF_FORT_SWAP,31,IADIFFICILE,IAMOYENNE,J1,27,262,8.649,10.815
MOYENNE_VS_DIFF_FORT_SWAP,32,IADIFFICILE,IAMOYENNE,J2,24,382,13.442,18.435
MOYENNE_VS_DIFF_FORT_SWAP,33,IADIFFICILE,IAMOYENNE,J1,19,164,5.711,11.884
MOYENNE_VS_DIFF_FORT_SWAP,34,IADIFFICILE,IAMOYENNE,J2,28,189,6.555,6.926
MOYENNE_VS_DIFF_FORT_SWAP,35,IADIFFICILE,IAMOYENNE,NUL,30,293,13.838,5.705
MOYENNE_VS_DIFF_FORT_SWAP,36,IADIFFICILE,IAMOYENNE,J1,15,168,8.169,14.696
MOYENNE_VS_DIFF_FORT_SWAP,37,IADIFFICILE,IAMOYENNE,J1,30,265,8.125,9.561
MOYENNE_VS_DIFF_FORT_SWAP,38,IADIFFICILE,IAMOYENNE,J1,15,128,6.402,11.040
MOYENNE_VS_DIFF_FORT_SWAP,39,IADIFFICILE,IAMOYENNE,J1,13,84,2.441,10.410
MOYENNE_VS_DIFF_FORT_SWAP,40,IADIFFICILE,IAMOYENNE,J2,16,85,4.152,6.523
MOYENNE_VS_DIFF_FORT_SWAP,41,IADIFFICILE,IAMOYENNE,J1,23,182,7.077,8.800
MOYENNE_VS_DIFF_FORT_SWAP,42,IADIFFICILE,IAMOYENNE,J1,21,215,10.147,10.365
MOYENNE_VS_DIFF_FORT_SWAP,43,IADIFFICILE,IAMOYENNE,J2,12,45,3.179,4.377
MOYENNE_VS_DIFF_FORT_SWAP,44,IADIFFICILE,IAMOYENNE,J2,14,100,5.265,9.038
MOYENNE_VS_DIFF_FORT_SWAP,45,IADIFFICILE,IAMOYENNE,J2,12,96,10.809,5.205
MOYENNE_VS_DIFF_FORT_SWAP,46,IADIFFICILE,IAMOYENNE,J1,19,165,6.855,10.759
MOYENNE_VS_DIFF_FORT_SWAP,47,IADIFFICILE,IAMOYENNE,J1,17,102,6.007,6.060
MOYENNE_VS_DIFF_FORT_SWAP,48,IADIFFICILE,IAMOYENNE,J1,17,183,6.125,16.007
MOYENNE_VS_DIFF_FORT_SWAP,49,IADIFFICILE,IAMOYENNE,J2,20,131,4.863,8.253
MOYENNE_VS_DIFF_FORT_SWAP,50,IADIFFICILE,IAMOYENNE,J2,16,280,8.243,26.803
MOYENNE_VS_DIFF_FORT_SWAP,51,IAMOYENNE,IADIFFICILE,J2,30,222,10.619,4.205
MOYENNE_VS_DIFF_FORT_SWAP,52,IAMOYENNE,IADIFFICILE,J2,18,105,6.277,5.455
MOYENNE_VS_DIFF_FORT_SWAP,53,IAMOYENNE,IADIFFICILE,J2,22,130,6.461,5.351
MOYENNE_VS_DIFF_FORT_SWAP,54,IAMOYENNE,IADIFFICILE,J2,18,134,10.493,4.439
MOYENNE_VS_DIFF_FORT_SWAP,55,IAMOYENNE,IADIFFICILE,J1,21,113,7.473,3.076
MOYENNE_VS_DIFF_FORT_SWAP,56,IAMOYENNE,IADIFFICILE,J2,12,119,13.351,6.511
MOYENNE_VS_DIFF_FORT_SWAP,57,IAMOYENNE,IADIFFICILE,J1,25,141,6.621,4.595
MOYENNE_VS_DIFF_FORT_SWAP,58,IAMOYENNE,IADIFFICILE,J2,24,153,5.982,6.787
MOYENNE_VS_DIFF_FORT_SWAP,59,IAMOYENNE,IADIFFICILE,J1,21,140,8.039,5.179
MOYENNE_VS_DIFF_FORT_SWAP,60,IAMOYENNE,IADIFFICILE,J1,21,215,11.379,9.005
MOYENNE_VS_DIFF_FORT_SWAP,61,IAMOYENNE,IADIFFICILE,J1,19,78,5.246,2.825
MOYENNE_VS_DIFF_FORT_SWAP,62,IAMOYENNE,IADIFFICILE,J1,15,92,6.861,5.351
MOYENNE_VS_DIFF_FORT_SWAP,63,IAMOYENNE,IADIFFICILE,J2,20,265,14.082,12.432
MOYENNE_VS_DIFF_FORT_SWAP,64,IAMOYENNE,IADIFFICILE,J1,17,137,12.302,3.338
MOYENNE_VS_DIFF_FORT_SWAP,65,IAMOYENNE,IADIFFICILE,J1,15,128,8.347,8.743
MOYENNE_VS_DIFF_FORT_SWAP,66,IAMOYENNE,IADIFFICILE,J1,30,288,11.204,7.996
MOYENNE_VS_DIFF_FORT_SWAP,67,IAMOYENNE,IADIFFICILE,J2,30,262,8.694,8.781
MOYENNE_VS_DIFF_FORT_SWAP,68,IAMOYENNE,IADIFFICILE,J2,24,207,10.814,6.441
MOYENNE_VS_DIFF_FORT_SWAP,69,IAMOYENNE,IADIFFICILE,J2,16,178,16.629,5.670
MOYENNE_VS_DIFF_FORT_SWAP,70,IAMOYENNE,IADIFFICILE,J1,19,136,10.257,3.767
MOYENNE_VS_DIFF_FORT_SWAP,71,IAMOYENNE,IADIFFICILE,J2,18,173,12.381,6.828
MOYENNE_VS_DIFF_FORT_SWAP,72,IAMOYENNE,IADIFFICILE,J2,18,208,17.146,5.961
MOYENNE_VS_DIFF_FORT_SWAP,73,IAMOYENNE,IADIFFICILE,J1,13,104,8.085,7.915
MOYENNE_VS_DIFF_FORT_SWAP,74,IAMOYENNE,IADIFFICILE,J2,10,64,9.347,3.431
MOYENNE_VS_DIFF_FORT_SWAP,75,IAMOYENNE,IADIFFICILE,J2,18,82,6.015,3.080
MOYENNE_VS_DIFF_FORT_SWAP,76,IAMOYENNE,IADIFFICILE,J1,19,127,7.994,5.299
MOYENNE_VS_DIFF_FORT_SWAP,77,IAMOYENNE,IADIFFICILE,J1,11,38,3.864,3.045
MOYENNE_VS_DIFF_FORT_SWAP,78,IAMOYENNE,IADIFFICILE,J1,15,41,2.622,2.955
MOYENNE_VS_DIFF_FORT_SWAP,79,IAMOYENNE,IADIFFICILE,J2,26,165,5.206,7.518
MOYENNE_VS_DIFF_FORT_SWAP,80,IAMOYENNE,IADIFFICILE,J2,22,263,12.706,11.216
MOYENNE_VS_DIFF_FORT_SWAP,81,IAMOYENNE,IADIFFICILE,J1,21,187,13.122,4.316
MOYENNE_VS_DIFF_FORT_SWAP,82,IAMOYENNE,IADIFFICILE,J1,15,87,6.895,4.525
MOYENNE_VS_DIFF_FORT_SWAP,83,IAMOYENNE,IADIFFICILE,J2,18,244,19.885,7.269
MOYENNE_VS_DIFF_FORT_SWAP,84,IAMOYENNE,IADIFFICILE,J2,14,52,5.069,2.387
MOYENNE_VS_DIFF_FORT_SWAP,85,IAMOYENNE,IADIFFICILE,J1,17,135,10.856,4.703
MOYENNE_VS_DIFF_FORT_SWAP,86,IAMOYENNE,IADIFFICILE,J2,12,109,11.119,7.122
MOYENNE_VS_DIFF_FORT_SWAP,87,IAMOYENNE,IADIFFICILE,J2,14,92,7.202,5.987
MOYENNE_VS_DIFF_FORT_SWAP,88,IAMOYENNE,IADIFFICILE,J2,16,154,12.868,6.386
MOYENNE_VS_DIFF_FORT_SWAP,89,IAMOYENNE,IADIFFICILE,J2,18,134,9.683,5.279
MOYENNE_VS_DIFF_FORT_SWAP,90,IAMOYENNE,IADIFFICILE,J2,24,233,9.511,9.882
MOYENNE_VS_DIFF_FORT_SWAP,91,IAMOYENNE,IADIFFICILE,J2,20,204,11.731,8.716
MOYENNE_VS_DIFF_FORT_SWAP,92,IAMOYENNE,IADIFFICILE,J1,15,117,9.171,6.220
MOYENNE_VS_DIFF_FORT_SWAP,93,IAMOYENNE,IADIFFICILE,J2,30,307,7.209,13.253
MOYENNE_VS_DIFF_FORT_SWAP,94,IAMOYENNE,IADIFFICILE,J1,19,167,10.276,7.148
MOYENNE_VS_DIFF_FORT_SWAP,95,IAMOYENNE,IADIFFICILE,J1,27,306,14.103,8.318
MOYENNE_VS_DIFF_FORT_SWAP,96,IAMOYENNE,IADIFFICILE,J1,17,229,18.745,7.515
MOYENNE_VS_DIFF_FORT_SWAP,97,IAMOYENNE,IADIFFICILE,J2,14,122,11.322,6.129
MOYENNE_VS_DIFF_FORT_SWAP,98,IAMOYENNE,IADIFFICILE,J1,23,331,16.665,11.891
MOYENNE_VS_DIFF_FORT_SWAP,99,IAMOYENNE,IADIFFICILE,J2,20,148,9.424,5.351
MOYENNE_VS_DIFF_FORT_SWAP,100,IAMOYENNE,IADIFFICILE,J1,11,72,7.143,5.879
